{"Accuracy": 0.71847739888977, "Precision Score": 0.7185214418748926, "Recall Score": 0.71847739888977, "F1 Score": 0.7183976836264432}